[
  {"local_id":"186","local_nombre":"CRUZ VERDE","local_direccion":"AV. PEDRO MONTT 1902","comuna_nombre":"VALPARAISO","localidad_nombre":"VALPARAISO URGENCIA","fk_region":6,"fk_comuna":78,"fk_localidad":1,"funcionamiento_hora_apertura":"00:00:00","funcionamiento_hora_cierre":"00:00:00","funcionamiento_dia":"martes","local_telefono":"+56322745048","local_lat":-33.0470628068749,"local_lng":-71.6169778733873,"fecha_actualizacion":"2025-09-23"},
  {"local_id":"5289","local_nombre":"CRUZ VERDE","local_direccion":"AV ARGENTINA 540 LOCAL 103","comuna_nombre":"VALPARAISO","localidad_nombre":"PLAN VALPARAISO","fk_region":6,"fk_comuna":78,"fk_localidad":2,"funcionamiento_hora_apertura":"08:30:00","funcionamiento_hora_cierre":"18:30:00","funcionamiento_dia":"martes","local_telefono":"+5602226944000","local_lat":-33.0484549,"local_lng":-71.60338860000002,"fecha_actualizacion":"2025-09-23"},
  {"local_id":"3585","local_nombre":"CRUZ VERDE","local_direccion":"ARTURO PRAT 182, VICUÑA","comuna_nombre":"VICUÑA","localidad_nombre":"VICUÑA","fk_region":5,"fk_comuna":44,"fk_localidad":100,"funcionamiento_hora_apertura":"09:00:00","funcionamiento_hora_cierre":"21:00:00","funcionamiento_dia":"martes","local_telefono":"+560","local_lat":-30.0348947,"local_lng":-70.71215159999997,"fecha_actualizacion":"2025-09-23"},
  {"local_id":"3645","local_nombre":"CRUZ VERDE","local_direccion":"CHACABUCO 302","comuna_nombre":"VICUÑA","localidad_nombre":"VICUÑA","fk_region":5,"fk_comuna":44,"fk_localidad":100,"funcionamiento_hora_apertura":"09:00:00","funcionamiento_hora_cierre":"22:00:00","funcionamiento_dia":"martes","local_telefono":"+56","local_lat":-30.03461219217131,"local_lng":-70.7133142143249,"fecha_actualizacion":"2025-09-23"},
  {"local_id":"93","local_nombre":"CRUZ VERDE","local_direccion":"AV. VALPARAISO N° 640","comuna_nombre":"VIÑA DEL MAR","localidad_nombre":"PLAN DE VIÑA","fk_region":6,"fk_comuna":80,"fk_localidad":28,"funcionamiento_hora_apertura":"08:30:00","funcionamiento_hora_cierre":"18:30:00","funcionamiento_dia":"martes","local_telefono":"+56322714701","local_lat":-33.0249400954808,"local_lng":-71.553291283807,"fecha_actualizacion":"2025-09-23"},
  {"local_id":"94","local_nombre":"CRUZ VERDE","local_direccion":"AV. VALPARAISO N° 404","comuna_nombre":"VIÑA DEL MAR","localidad_nombre":"VIÑA DEL MAR URGENCIA","fk_region":6,"fk_comuna":80,"fk_localidad":41,"funcionamiento_hora_apertura":"00:00:00","funcionamiento_hora_cierre":"00:00:00","funcionamiento_dia":"martes","local_telefono":"+56322714044","local_lat":-33.024369299178,"local_lng":-71.5569460874684,"fecha_actualizacion":"2025-09-23"},
  {"local_id":"95","local_nombre":"CRUZ VERDE","local_direccion":"AV.LIBERTAD N° 1348 L-22","comuna_nombre":"VIÑA DEL MAR","localidad_nombre":"PLAN DE VIÑA","fk_region":6,"fk_comuna":80,"fk_localidad":28,"funcionamiento_hora_apertura":"10:30:00","funcionamiento_hora_cierre":"21:30:00","funcionamiento_dia":"martes","local_telefono":"+56322382207","local_lat":-33.0084699139327,"local_lng":-71.5482788748867,"fecha_actualizacion":"2025-09-23"},
  {"local_id":"96","local_nombre":"CRUZ VERDE","local_direccion":"AV. VALPARAISO N° 298","comuna_nombre":"VIÑA DEL MAR","localidad_nombre":"PLAN DE VIÑA","fk_region":6,"fk_comuna":80,"fk_localidad":28,"funcionamiento_hora_apertura":"08:30:00","funcionamiento_hora_cierre":"17:30:00","funcionamiento_dia":"martes","local_telefono":"+56322710470","local_lat":-33.0241566039091,"local_lng":-71.5585240426752,"fecha_actualizacion":"2025-09-23"},
  {"local_id":"98","local_nombre":"CRUZ VERDE","local_direccion":"QUILLOTA N° 493","comuna_nombre":"VIÑA DEL MAR","localidad_nombre":"PLAN DE VIÑA","fk_region":6,"fk_comuna":80,"fk_localidad":28,"funcionamiento_hora_apertura":"08:30:00","funcionamiento_hora_cierre":"18:30:00","funcionamiento_dia":"martes","local_telefono":"+56322680656","local_lat":-33.0181329872639,"local_lng":-71.5466519206006,"fecha_actualizacion":"2025-09-23"},
  {"local_id":"99","local_nombre":"CRUZ VERDE","local_direccion":"AV.VALPARAISO N° 598","comuna_nombre":"VIÑA DEL MAR","localidad_nombre":"PLAN DE VIÑA","fk_region":6,"fk_comuna":80,"fk_localidad":28,"funcionamiento_hora_apertura":"08:30:00","funcionamiento_hora_cierre":"18:30:00","funcionamiento_dia":"martes","local_telefono":"+56322698083","local_lat":-33.0248238853323,"local_lng":-71.5541228020944,"fecha_actualizacion":"2025-09-23"},
  {"local_id":"100","local_nombre":"CRUZ VERDE","local_direccion":"J.M.CARRERA N° 201","comuna_nombre":"VIÑA DEL MAR","localidad_nombre":"RECREO","fk_region":6,"fk_comuna":80,"fk_localidad":35,"funcionamiento_hora_apertura":"08:30:00","funcionamiento_hora_cierre":"18:30:00","funcionamiento_dia":"martes","local_telefono":"+56322620782","local_lat":-33.0275549545313,"local_lng":-71.5734684105632,"fecha_actualizacion":"2025-09-23"},
  {"local_id":"102","local_nombre":"CRUZ VERDE","local_direccion":"ANGAMOS N° 242 L- 1","comuna_nombre":"VIÑA DEL MAR","localidad_nombre":"REÑACA","fk_region":6,"fk_comuna":80,"fk_localidad":36,"funcionamiento_hora_apertura":"09:00:00","funcionamiento_hora_cierre":"18:30:00","funcionamiento_dia":"martes","local_telefono":"+56322836951","local_lat":-32.9717818854296,"local_lng":-71.5420360444942,"fecha_actualizacion":"2025-09-23"},
  {"local_id":"103","local_nombre":"CRUZ VERDE","local_direccion":"ALVARES N° 314","comuna_nombre":"VIÑA DEL MAR","localidad_nombre":"PLAN DE VIÑA","fk_region":6,"fk_comuna":80,"fk_localidad":28,"funcionamiento_hora_apertura":"08:30:00","funcionamiento_hora_cierre":"18:30:00","funcionamiento_dia":"martes","local_telefono":"+56322623883","local_lat":-33.0257966641689,"local_lng":-71.5585714561149,"fecha_actualizacion":"2025-09-23"},
  {"local_id":"104","local_nombre":"CRUZ VERDE","local_direccion":"AVDA. 1 NORTE Nº 2901 L- 4054","comuna_nombre":"VIÑA DEL MAR","localidad_nombre":"PLAN DE VIÑA","fk_region":6,"fk_comuna":80,"fk_localidad":28,"funcionamiento_hora_apertura":"08:30:00","funcionamiento_hora_cierre":"18:00:00","funcionamiento_dia":"martes","local_telefono":"+56322674406","local_lat":-33.0358323438944,"local_lng":-71.5236105946685,"fecha_actualizacion":"2025-09-23"},
  {"local_id":"106","local_nombre":"CRUZ VERDE","local_direccion":"4 PONIENTE N° 332","comuna_nombre":"VIÑA DEL MAR","localidad_nombre":"PLAN DE VIÑA","fk_region":6,"fk_comuna":80,"fk_localidad":28,"funcionamiento_hora_apertura":"08:30:00","funcionamiento_hora_cierre":"20:30:00","funcionamiento_dia":"martes","local_telefono":"+56322994810","local_lat":-33.0183650474587,"local_lng":-71.5555846480366,"fecha_actualizacion":"2025-09-23"},
  {"local_id":"141","local_nombre":"CRUZ VERDE","local_direccion":"AV. VALPARAISO 1070 L 3008","comuna_nombre":"VIÑA DEL MAR","localidad_nombre":"PLAN DE VIÑA","fk_region":6,"fk_comuna":80,"fk_localidad":28,"funcionamiento_hora_apertura":"08:30:00","funcionamiento_hora_cierre":"18:30:00","funcionamiento_dia":"martes","local_telefono":"+56322713659","local_lat":-33.025889459082,"local_lng":-71.5474316858611,"fecha_actualizacion":"2025-09-23"},
  {"local_id":"4283","local_nombre":"CRUZ VERDE","local_direccion":"AV. VICUÑA MACKENNA 420 L-6","comuna_nombre":"VIÑA DEL MAR","localidad_nombre":"REÑACA","fk_region":6,"fk_comuna":80,"fk_localidad":36,"funcionamiento_hora_apertura":"08:30:00","funcionamiento_hora_cierre":"18:30:00","funcionamiento_dia":"martes","local_telefono":"+56322685085","local_lat":-32.9730753131395,"local_lng":-71.5396234497705,"fecha_actualizacion":"2025-09-23"},
  {"local_id":"4881","local_nombre":"CRUZ VERDE","local_direccion":"AV. EDMUNDO ELUCHANS 2030 L-2","comuna_nombre":"VIÑA DEL MAR","localidad_nombre":"REÑACA","fk_region":6,"fk_comuna":80,"fk_localidad":36,"funcionamiento_hora_apertura":"08:30:00","funcionamiento_hora_cierre":"18:30:00","funcionamiento_dia":"martes","local_telefono":"+560226944813","local_lat":-32.9566609747513,"local_lng":-71.5437953063162,"fecha_actualizacion":"2025-09-23"},
  {"local_id":"1984","local_nombre":"CRUZ VERDE","local_direccion":"CARMEN FARIÑA 6509 ESQ. JUAN XXIII","comuna_nombre":"VITACURA","localidad_nombre":"VITACURA","fk_region":7,"fk_comuna":135,"fk_localidad":154,"funcionamiento_hora_apertura":"08:30:00","funcionamiento_hora_cierre":"22:00:00","funcionamiento_dia":"martes","local_telefono":"+560222195525","local_lat":-33.385533,"local_lng":-70.57036,"fecha_actualizacion":"2025-09-23"},
  {"local_id":"1985","local_nombre":"CRUZ VERDE","local_direccion":"AV. COSTANERA SUR MONSEÑOR ESCRIVA DE BALAGUER 9499 LOCAL 6","comuna_nombre":"VITACURA","localidad_nombre":"VITACURA","fk_region":7,"fk_comuna":135,"fk_localidad":154,"funcionamiento_hora_apertura":"09:00:00","funcionamiento_hora_cierre":"22:00:00","funcionamiento_dia":"martes","local_telefono":"+560222128865","local_lat":-33.376251,"local_lng":-70.544675,"fecha_actualizacion":"2025-09-23"},
  {"local_id":"1986","local_nombre":"CRUZ VERDE","local_direccion":"AV. LUIS PASTEUR 5531","comuna_nombre":"VITACURA","localidad_nombre":"VITACURA","fk_region":7,"fk_comuna":135,"fk_localidad":154,"funcionamiento_hora_apertura":"08:30:00","funcionamiento_hora_cierre":"21:30:00","funcionamiento_dia":"martes","local_telefono":"+560222190321","local_lat":-33.39235,"local_lng":-70.580762,"fecha_actualizacion":"2025-09-23"},
  {"local_id":"1987","local_nombre":"CRUZ VERDE","local_direccion":"AV. NUEVA COSTANERA 4177 LOCAL1","comuna_nombre":"VITACURA","localidad_nombre":"VITACURA","fk_region":7,"fk_comuna":135,"fk_localidad":154,"funcionamiento_hora_apertura":"08:30:00","funcionamiento_hora_cierre":"22:00:00","funcionamiento_dia":"martes","local_telefono":"+560222634225","local_lat":-33.394506,"local_lng":-70.597154,"fecha_actualizacion":"2025-09-23"},
  {"local_id":"1989","local_nombre":"CRUZ VERDE","local_direccion":"AV. SANTA MARIA 7030 LOCAL 1","comuna_nombre":"VITACURA","localidad_nombre":"VITACURA","fk_region":7,"fk_comuna":135,"fk_localidad":154,"funcionamiento_hora_apertura":"09:00:00","funcionamiento_hora_cierre":"23:00:00","funcionamiento_dia":"martes","local_telefono":"+560222421644","local_lat":-33.376663,"local_lng":-70.56727,"fecha_actualizacion":"2025-09-23"},
  {"local_id":"1991","local_nombre":"CRUZ VERDE","local_direccion":"VITACURA 3480","comuna_nombre":"VITACURA","localidad_nombre":"VITACURA","fk_region":7,"fk_comuna":135,"fk_localidad":154,"funcionamiento_hora_apertura":"09:00:00","funcionamiento_hora_cierre":"23:00:00","funcionamiento_dia":"martes","local_telefono":"+560222301848","local_lat":-33.404437,"local_lng":-70.596735,"fecha_actualizacion":"2025-09-23"},
  {"local_id":"1992","local_nombre":"CRUZ VERDE","local_direccion":"VITACURA 4175","comuna_nombre":"VITACURA","localidad_nombre":"VITACURA","fk_region":7,"fk_comuna":135,"fk_localidad":154,"funcionamiento_hora_apertura":"08:00:00","funcionamiento_hora_cierre":"23:00:00","funcionamiento_dia":"martes","local_telefono":"+560222072048","local_lat":-33.399489,"local_lng":-70.589736,"fecha_actualizacion":"2025-09-23"},
  {"local_id":"1993","local_nombre":"CRUZ VERDE","local_direccion":"AV. VITACURA 8201","comuna_nombre":"VITACURA","localidad_nombre":"VITACURA","fk_region":7,"fk_comuna":135,"fk_localidad":154,"funcionamiento_hora_apertura":"09:00:00","funcionamiento_hora_cierre":"23:00:00","funcionamiento_dia":"martes","local_telefono":"+560222294671","local_lat":-33.385089,"local_lng":-70.554664,"fecha_actualizacion":"2025-09-23"},
  {"local_id":"4032","local_nombre":"CRUZ VERDE","local_direccion":"AV. LUIS PASTEUR 6625","comuna_nombre":"VITACURA","localidad_nombre":"VITACURA","fk_region":7,"fk_comuna":135,"fk_localidad":154,"funcionamiento_hora_apertura":"08:30:00","funcionamiento_hora_cierre":"22:00:00","funcionamiento_dia":"martes","local_telefono":"+560226944000","local_lat":-33.380874,"local_lng":-70.571004,"fecha_actualizacion":"2025-09-23"},
  {"local_id":"4099","local_nombre":"CRUZ VERDE","local_direccion":"AV. VITACURA 4607. LOCAL 19","comuna_nombre":"VITACURA","localidad_nombre":"VITACURA","fk_region":7,"fk_comuna":135,"fk_localidad":154,"funcionamiento_hora_apertura":"08:30:00","funcionamiento_hora_cierre":"22:00:00","funcionamiento_dia":"martes","local_telefono":"+56","local_lat":-33.398342,"local_lng":-70.586475,"fecha_actualizacion":"2025-09-23"},
  {"local_id":"4167","local_nombre":"CRUZ VERDE","local_direccion":"SANTA MARIA 6736. LOCAL C","comuna_nombre":"VITACURA","localidad_nombre":"VITACURA","fk_region":7,"fk_comuna":135,"fk_localidad":154,"funcionamiento_hora_apertura":"08:30:00","funcionamiento_hora_cierre":"22:00:00","funcionamiento_dia":"martes","local_telefono":"+560226944000","local_lat":-33.377147,"local_lng":-70.570682,"fecha_actualizacion":"2025-09-23"},
  {"local_id":"5623","local_nombre":"CRUZ VERDE","local_direccion":"AVENIDA VITACURA 6980, LOCAL 4, SUPERMERCADO TOTTUS","comuna_nombre":"VITACURA","localidad_nombre":"VITACURA","fk_region":7,"fk_comuna":135,"fk_localidad":154,"funcionamiento_hora_apertura":"09:00:00","funcionamiento_hora_cierre":"22:00:00","funcionamiento_dia":"martes","local_telefono":"+560","local_lat":null,"local_lng":null,"fecha_actualizacion":"2025-09-23"},
  {"local_id":"5910","local_nombre":"CRUZ VERDE","local_direccion":"AVENIDA LAS CONDES N° 12340, LOC. 6 Y 7","comuna_nombre":"VITACURA","localidad_nombre":"VITACURA","fk_region":7,"fk_comuna":135,"fk_localidad":154,"funcionamiento_hora_apertura":"09:00:00","funcionamiento_hora_cierre":"20:00:00","funcionamiento_dia":"martes","local_telefono":"+56","local_lat":-33.372344,"local_lng":-70.518426,"fecha_actualizacion":"2025-09-23"},
  {"local_id":"6154","local_nombre":"CRUZ VERDE","local_direccion":"NUEVA COSTANERA 3900, TM 152, NIVEL 1, CENTRO COMERCIAL CASA COSTANERA","comuna_nombre":"VITACURA","localidad_nombre":"VITACURA","fk_region":7,"fk_comuna":135,"fk_localidad":154,"funcionamiento_hora_apertura":"10:00:00","funcionamiento_hora_cierre":"21:00:00","funcionamiento_dia":"martes","local_telefono":"+56","local_lat":-33.398752,"local_lng":-70.598584,"fecha_actualizacion":"2025-09-23"},
  {"local_id":"289","local_nombre":"CRUZ VERDE","local_direccion":"MOISES CHACON N° 140","comuna_nombre":"ZAPALLAR","localidad_nombre":"ZAPALLAR","fk_region":6,"fk_comuna":81,"fk_localidad":42,"funcionamiento_hora_apertura":"09:00:00","funcionamiento_hora_cierre":"19:00:00","funcionamiento_dia":"martes","local_telefono":"+562741991","local_lat":-32.5543541382821,"local_lng":-71.455588123027,"fecha_actualizacion":"2025-09-23"},
  {"local_id":"5090","local_nombre":"CRUZ VERDE","local_direccion":"MANQUEHUE SUR 31, LOCALES 38 Y 42","comuna_nombre":"LAS CONDES","localidad_nombre":"LAS CONDES","fk_region":7,"fk_comuna":102,"fk_localidad":121,"funcionamiento_hora_apertura":"10:00:00","funcionamiento_hora_cierre":"21:00:00","funcionamiento_dia":"martes","local_telefono":"+56","local_lat":-33.4095335,"local_lng":-70.56735229999998,"fecha_actualizacion":"2025-09-23"},
  {"local_id":"5093","local_nombre":"CRUZ VERDE","local_direccion":"AVENIDA VITACURA 2837, LOCAL 102, E1","comuna_nombre":"LAS CONDES","localidad_nombre":"LAS CONDES","fk_region":7,"fk_comuna":102,"fk_localidad":121,"funcionamiento_hora_apertura":"08:00:00","funcionamiento_hora_cierre":"20:30:00","funcionamiento_dia":"martes","local_telefono":"+56","local_lat":-33.4145582,"local_lng":-70.60348979999998,"fecha_actualizacion":"2025-09-23"},
  {"local_id":"5828","local_nombre":"CRUZ VERDE","local_direccion":"AVENIDA AMÉRICO VESPUCIO N° 1307 / ISABEL LA CATÓLICA N° 4394, LOCAL 102","comuna_nombre":"LAS CONDES","localidad_nombre":"LAS CONDES","fk_region":7,"fk_comuna":102,"fk_localidad":121,"funcionamiento_hora_apertura":"09:00:00","funcionamiento_hora_cierre":"22:00:00","funcionamiento_dia":"martes","local_telefono":"+56","local_lat":null,"local_lng":null,"fecha_actualizacion":"2025-09-23"},
  {"local_id":"7001","local_nombre":"CRUZ VERDE","local_direccion":"AV. PRINCIPAL 100","comuna_nombre":"QUILPUÉ","localidad_nombre":"QUILPUÉ","fk_region":6,"fk_comuna":79,"fk_localidad":20,"funcionamiento_hora_apertura":"08:30:00","funcionamiento_hora_cierre":"19:30:00","funcionamiento_dia":"martes","local_telefono":"+56322200001","local_lat":-33.0471,"local_lng":-71.4389,"fecha_actualizacion":"2025-09-23"},
  {"local_id":"7002","local_nombre":"CRUZ VERDE","local_direccion":"CALLE SECUNDARIA 45","comuna_nombre":"LA SERENA","localidad_nombre":"LA SERENA","fk_region":4,"fk_comuna":37,"fk_localidad":90,"funcionamiento_hora_apertura":"09:00:00","funcionamiento_hora_cierre":"20:00:00","funcionamiento_dia":"martes","local_telefono":"+560","local_lat":-29.904,"local_lng":-71.252,"fecha_actualizacion":"2025-09-23"},
  {"local_id":"7003","local_nombre":"CRUZ VERDE","local_direccion":"PASAJE SUR 12","comuna_nombre":"COQUIMBO","localidad_nombre":"COQUIMBO","fk_region":4,"fk_comuna":36,"fk_localidad":88,"funcionamiento_hora_apertura":"10:00:00","funcionamiento_hora_cierre":"18:00:00","funcionamiento_dia":"martes","local_telefono":"+56","local_lat":-29.953,"local_lng":-71.342,"fecha_actualizacion":"2025-09-23"},
  {"local_id":"7004","local_nombre":"CRUZ VERDE","local_direccion":"AV. LOS HEROES 200","comuna_nombre":"SANTIAGO","localidad_nombre":"SANTIAGO","fk_region":7,"fk_comuna":131,"fk_localidad":150,"funcionamiento_hora_apertura":"08:00:00","funcionamiento_hora_cierre":"21:00:00","funcionamiento_dia":"martes","local_telefono":"+560222000002","local_lat":-33.45,"local_lng":-70.65,"fecha_actualizacion":"2025-09-23"},
  {"local_id":"7005","local_nombre":"CRUZ VERDE","local_direccion":"AV. MITRE 300","comuna_nombre":"SANTIAGO","localidad_nombre":"SANTIAGO","fk_region":7,"fk_comuna":131,"fk_localidad":150,"funcionamiento_hora_apertura":"00:00:00","funcionamiento_hora_cierre":"00:00:00","funcionamiento_dia":"martes","local_telefono":"+56","local_lat":null,"local_lng":null,"fecha_actualizacion":"2025-09-23"},
  {"local_id":"7006","local_nombre":"CRUZ VERDE","local_direccion":"CALLE NORTE 88","comuna_nombre":"RANCAGUA","localidad_nombre":"RANCAGUA","fk_region":8,"fk_comuna":140,"fk_localidad":160,"funcionamiento_hora_apertura":"08:30:00","funcionamiento_hora_cierre":"18:30:00","funcionamiento_dia":"martes","local_telefono":"+56322200006","local_lat":-34.17,"local_lng":-70.74,"fecha_actualizacion":"2025-09-23"},
  {"local_id":"7007","local_nombre":"CRUZ VERDE","local_direccion":"AV. SUR 14","comuna_nombre":"CURICÓ","localidad_nombre":"CURICÓ","fk_region":9,"fk_comuna":145,"fk_localidad":165,"funcionamiento_hora_apertura":"09:00:00","funcionamiento_hora_cierre":"19:00:00","funcionamiento_dia":"martes","local_telefono":"+560","local_lat":-34.98,"local_lng":-71.24,"fecha_actualizacion":"2025-09-23"},
  {"local_id":"7008","local_nombre":"CRUZ VERDE","local_direccion":"AV. CENTRAL 55","comuna_nombre":"TALCA","localidad_nombre":"TALCA","fk_region":9,"fk_comuna":146,"fk_localidad":166,"funcionamiento_hora_apertura":"08:00:00","funcionamiento_hora_cierre":"20:00:00","funcionamiento_dia":"martes","local_telefono":"+560222000008","local_lat":-35.43,"local_lng":-71.66,"fecha_actualizacion":"2025-09-23"},
  {"local_id":"7009","local_nombre":"CRUZ VERDE","local_direccion":"CALLE PRINCIPAL 10","comuna_nombre":"CONCEPCIÓN","localidad_nombre":"CONCEPCIÓN","fk_region":12,"fk_comuna":160,"fk_localidad":180,"funcionamiento_hora_apertura":"08:30:00","funcionamiento_hora_cierre":"18:30:00","funcionamiento_dia":"martes","local_telefono":"+56322200009","local_lat":-36.82,"local_lng":-73.05,"fecha_actualizacion":"2025-09-23"},
  {"local_id":"7010","local_nombre":"CRUZ VERDE","local_direccion":"AV. LAGUNA 76","comuna_nombre":"PUERTO MONTT","localidad_nombre":"PUERTO MONTT","fk_region":14,"fk_comuna":170,"fk_localidad":190,"funcionamiento_hora_apertura":"09:00:00","funcionamiento_hora_cierre":"18:00:00","funcionamiento_dia":"martes","local_telefono":"+56","local_lat":-41.47,"local_lng":-72.94,"fecha_actualizacion":"2025-09-23"},
  {"local_id":"7011","local_nombre":"CRUZ VERDE","local_direccion":"AV. VOLCÁN 33","comuna_nombre":"PUCON","localidad_nombre":"PUCON","fk_region":11,"fk_comuna":155,"fk_localidad":175,"funcionamiento_hora_apertura":"10:00:00","funcionamiento_hora_cierre":"19:00:00","funcionamiento_dia":"martes","local_telefono":"+56322200011","local_lat":-39.27,"local_lng":-71.97,"fecha_actualizacion":"2025-09-23"},
  {"local_id":"7012","local_nombre":"CRUZ VERDE","local_direccion":"PASAJE LAGO 4","comuna_nombre":"VALDIVIA","localidad_nombre":"VALDIVIA","fk_region":13,"fk_comuna":168,"fk_localidad":188,"funcionamiento_hora_apertura":"09:00:00","funcionamiento_hora_cierre":"20:00:00","funcionamiento_dia":"martes","local_telefono":"+56","local_lat":-39.81,"local_lng":-73.25,"fecha_actualizacion":"2025-09-23"},
  {"local_id":"7013","local_nombre":"CRUZ VERDE","local_direccion":"CALLE CANAL 12","comuna_nombre":"OSORNO","localidad_nombre":"OSORNO","fk_region":14,"fk_comuna":169,"fk_localidad":189,"funcionamiento_hora_apertura":"08:30:00","funcionamiento_hora_cierre":"19:30:00","funcionamiento_dia":"martes","local_telefono":"+56322200013","local_lat":-40.57,"local_lng":-73.13,"fecha_actualizacion":"2025-09-23"}
]
